code,voltage_V
0,0.0395807042195
1,0.0390201671792
2,0.0409355504163
3,0.0406755793526
4,0.0425849556302
5,0.0438884037259
6,0.0448872197549
7,0.0450877791349
8,0.0468565606055
9,0.0459774958329
10,0.0450227155868
11,0.0486323293835
12,0.0487688647711
13,0.0469536591419
14,0.0516583980382
15,0.0518272118365
16,0.0505646809085
17,0.0531959799745
18,0.0555340426177
19,0.0529817816068
20,0.0561129756831
21,0.0548485038212
22,0.0572371947242
23,0.0586698223921
24,0.0577229176589
25,0.058190527597
26,0.0597467226267
27,0.0604879426826
28,0.0614896997689
29,0.0626051551775
30,0.0626114845096
31,0.0641078795388
32,0.0654134725708
33,0.0661856683278
34,0.0665551796121
35,0.0685971436595
36,0.0684862876718
37,0.0682680824824
38,0.0711922956212
39,0.0715586553941
40,0.0729793481056
41,0.0718158040299
42,0.0732887567384
43,0.0736136334044
44,0.075052860274
45,0.0761297143598
46,0.0745295164169
47,0.0764951662142
48,0.0787556381191
49,0.0797925553896
50,0.0790680535402
51,0.0799390585369
52,0.0798546845021
53,0.0823839702411
54,0.0818556326461
55,0.0858273427994
56,0.0845716873079
57,0.0858992225767
58,0.0869725500629
59,0.0882114806784
60,0.0888013750047
61,0.0912061788544
62,0.088965530587
63,0.0910447471098
64,0.0920133177083
65,0.0926183116638
66,0.092323890885
67,0.0948089236974
68,0.0964447753137
69,0.0968857584745
70,0.0973407424609
71,0.0970441636435
72,0.0966048056272
73,0.0987081224125
74,0.0991559612415
75,0.101922841671
76,0.1016073866
77,0.102300965346
78,0.102738125882
79,0.103647159686
80,0.103315618005
81,0.106908197805
82,0.107159431541
83,0.107855813135
84,0.108020666194
85,0.110360057762
86,0.110102646008
87,0.110538549825
88,0.11247588853
89,0.111462755709
90,0.112827839466
91,0.114419023675
92,0.113271737248
93,0.115285528379
94,0.116158040018
95,0.11784222381
96,0.11741528767
97,0.118953402634
98,0.118672357732
99,0.120853080901
100,0.121603630628
101,0.124187959441
102,0.122449982668
103,0.123535146514
104,0.126553319808
105,0.125827910067
106,0.126587506369
107,0.127785282966
108,0.127229009342
109,0.128990467984
110,0.128862551593
111,0.130202278331
112,0.129691974927
113,0.132826932326
114,0.134317892775
115,0.132792541888
116,0.134426610536
117,0.135584022593
118,0.136640289898
119,0.136333282753
120,0.138348521324
121,0.137519880985
122,0.139087537332
123,0.138367430423
124,0.140109078566
125,0.142124889612
126,0.143025060976
127,0.143223718901
128,0.146346780735
129,0.146598198644
130,0.14769329747
131,0.148088244621
132,0.148309450065
133,0.149787561006
134,0.149834439112
135,0.150194186641
136,0.153219649889
137,0.152111023925
138,0.154118637009
139,0.155123446914
140,0.15618928057
141,0.15642262496
142,0.156732178316
143,0.158380234739
144,0.158347127248
145,0.159370227853
146,0.159924350039
147,0.161737055543
148,0.163593026988
149,0.163309067417
150,0.164329588854
151,0.163547773931
152,0.164597349952
153,0.166481533901
154,0.167833294389
155,0.168029162579
156,0.16743760368
157,0.168742150545
158,0.172227519348
159,0.17159834612
160,0.170712070379
161,0.173082102071
162,0.173613453074
163,0.174797919584
164,0.176951121281
165,0.176092584192
166,0.17767836673
167,0.180197303113
168,0.178762247694
169,0.178908066523
170,0.18178017106
171,0.183095771254
172,0.182779789791
173,0.184386560585
174,0.183030141894
175,0.184013805585
176,0.185453545665
177,0.188417840385
178,0.185848433562
179,0.189264093732
180,0.189937822543
181,0.190493142199
182,0.191009182902
183,0.191449027814
184,0.192051370331
185,0.193671523533
186,0.193127908637
187,0.195111197748
188,0.19554060113
189,0.196356194572
190,0.196991144448
191,0.198494289911
192,0.198636062533
193,0.201492883073
194,0.20021280493
195,0.202864717261
196,0.201361427028
197,0.20374050549
198,0.204653250079
199,0.205046631376
200,0.206470830859
201,0.207061889713
202,0.209313887387
203,0.210473227195
204,0.210428618975
205,0.209854383664
206,0.211134047278
207,0.214307467704
208,0.214475728901
209,0.215187993073
210,0.214039825024
211,0.218304166368
212,0.217830200811
213,0.219749057992
214,0.219438984819
215,0.219493093715
216,0.220482725013
217,0.222781199374
218,0.223269369884
219,0.222939854561
220,0.22378320648
221,0.223377245423
222,0.226700169224
223,0.225113735265
224,0.228092919241
225,0.227961772375
226,0.229425856107
227,0.230283307557
228,0.230310368589
229,0.231160668286
230,0.232618323971
231,0.234728884628
232,0.236706936511
233,0.237055156904
234,0.239197818406
235,0.237639307423
236,0.238423030303
237,0.238468020098
238,0.240412622495
239,0.241379370606
240,0.242447540016
241,0.243730631415
242,0.243310912873
243,0.244830710771
244,0.24510876205
245,0.246899755503
246,0.246050047983
247,0.247189478597
248,0.249743535739
249,0.250340062025
250,0.251143490193
251,0.251918048011
252,0.254044010949
253,0.253475190437
254,0.255038537262
255,0.255714555704
256,0.25564909744
257,0.257935117059
258,0.259400924547
259,0.259473653068
260,0.26237448307
261,0.262831421256
262,0.263629816207
263,0.263340323303
264,0.263093649135
265,0.264933724837
266,0.265401446529
267,0.266448811937
268,0.268547917886
269,0.270383526097
270,0.270052497681
271,0.27202724671
272,0.271155945677
273,0.272900232128
274,0.27158667151
275,0.274995633931
276,0.275355315645
277,0.276111293266
278,0.277647796252
279,0.278072475642
280,0.279347566577
281,0.280067311599
282,0.280379911211
283,0.280395293818
284,0.282307407079
285,0.283153673664
286,0.282598334237
287,0.287290072271
288,0.28526655686
289,0.287424706239
290,0.287731496196
291,0.286769162839
292,0.289545629354
293,0.290543669128
294,0.2934442492
295,0.291991146442
296,0.291665335407
297,0.295946033101
298,0.295349355492
299,0.295355421696
300,0.297069508724
301,0.296763370127
302,0.297973496214
303,0.299251653121
304,0.299432500618
305,0.301197946375
306,0.300840942542
307,0.30329605884
308,0.302207368451
309,0.304304184739
310,0.306559702406
311,0.305617199319
312,0.309453782043
313,0.309276230819
314,0.309405785419
315,0.310928307224
316,0.310962079216
317,0.311491048404
318,0.313507576589
319,0.313289121261
320,0.31422554509
321,0.315124111148
322,0.31633258579
323,0.317241895992
324,0.318609361449
325,0.320916270714
326,0.319525797143
327,0.321383926586
328,0.320779959029
329,0.324158564063
330,0.323309586915
331,0.324506402898
332,0.326779395457
333,0.326569940785
334,0.327472421515
335,0.328063138214
336,0.328507489971
337,0.329273336723
338,0.332052112694
339,0.331763909412
340,0.334943928957
341,0.334118440176
342,0.334937790402
343,0.335690221792
344,0.336965371945
345,0.336492386685
346,0.340333476347
347,0.338165714548
348,0.341070827787
349,0.340749872357
350,0.342645168756
351,0.342802777951
352,0.343712548559
353,0.342516403655
354,0.346433182504
355,0.344475914892
356,0.347651263141
357,0.350047408472
358,0.350827098182
359,0.350545908581
360,0.350401023964
361,0.352159429824
362,0.353302755398
363,0.35195518602
364,0.355268773658
365,0.35539119621
366,0.355699453484
367,0.359622581418
368,0.357145253107
369,0.358712290965
370,0.359886309423
371,0.358952017328
372,0.361377177805
373,0.363316121833
374,0.363817023428
375,0.365324386296
376,0.364843571649
377,0.365563652179
378,0.367527571555
379,0.368411399797
380,0.369599412557
381,0.370157166538
382,0.370290925404
383,0.371674345865
384,0.374708388699
385,0.375608382463
386,0.374136706155
387,0.377376117842
388,0.375912600008
389,0.379108943016
390,0.38031804928
391,0.38035915069
392,0.38251558287
393,0.3828700537
394,0.38280576654
395,0.384996490429
396,0.386546415325
397,0.385155474669
398,0.385188108319
399,0.387239809954
400,0.388785997681
401,0.388170608303
402,0.389481530588
403,0.389103413438
404,0.391717783771
405,0.395243260427
406,0.391711632011
407,0.393750799849
408,0.397058781829
409,0.397270914266
410,0.396425371524
411,0.398365348514
412,0.399787607022
413,0.400129662607
414,0.400472843216
415,0.401982614089
416,0.402340124577
417,0.404795109314
418,0.405655225391
419,0.40507844389
420,0.408361687349
421,0.409625751252
422,0.40853300792
423,0.411833107766
424,0.410383386842
425,0.412660629698
426,0.412656451718
427,0.411828344376
428,0.414666643939
429,0.415031826027
430,0.416750584474
431,0.416754880792
432,0.417866908316
433,0.419304384932
434,0.417794002138
435,0.420200753456
436,0.423221966551
437,0.421343743577
438,0.423338507143
439,0.424598912894
440,0.425687030906
441,0.425898742307
442,0.428624685849
443,0.426906499778
444,0.430541391546
445,0.430568320952
446,0.429958063516
447,0.431207593527
448,0.431835549583
449,0.434083369291
450,0.435369796531
451,0.433804653508
452,0.435110233341
453,0.437267987908
454,0.437019129356
455,0.437492864622
456,0.43933424302
457,0.44051597249
458,0.440108208696
459,0.44220909772
460,0.44225012673
461,0.445749799055
462,0.44640916504
463,0.445547246193
464,0.446223027709
465,0.447725824523
466,0.44782792338
467,0.447906408843
468,0.450645169029
469,0.450831562893
470,0.451407462848
471,0.452368638282
472,0.453709924368
473,0.454727695685
474,0.456587548967
475,0.456349131852
476,0.45752628215
477,0.458012939313
478,0.456300970842
479,0.459339935046
480,0.461851469597
481,0.46073315876
482,0.461183682039
483,0.465082545217
484,0.464272419243
485,0.466031588235
486,0.46492909427
487,0.465733101378
488,0.468507633604
489,0.468012712751
490,0.470096837444
491,0.47170192394
492,0.471591942953
493,0.471803687273
494,0.474226676521
495,0.474205063199
496,0.475475982814
497,0.476568337963
498,0.477720703684
499,0.477198096768
500,0.478339284114
501,0.479520118809
502,0.481737054903
503,0.47980163745
504,0.481599466882
505,0.482837364563
506,0.483671761828
507,0.484940720819
508,0.485539832875
509,0.486189573207
510,0.487834662321
511,0.487225424635
512,0.490115313217
513,0.490421616321
514,0.491071356714
515,0.492042644664
516,0.495017696698
517,0.495262989276
518,0.495930112369
519,0.495920638032
520,0.497636606823
521,0.497915500252
522,0.498111059278
523,0.498932942581
524,0.500727146835
525,0.501308645869
526,0.503468124241
527,0.503974453764
528,0.50439906084
529,0.505788475117
530,0.505329161804
531,0.508428564243
532,0.507827077098
533,0.508354539636
534,0.510951369295
535,0.509333091211
536,0.512178601806
537,0.511391845772
538,0.513791425607
539,0.515864964158
540,0.514197459091
541,0.515597643829
542,0.517563030447
543,0.518495368417
544,0.518489243
545,0.518849661592
546,0.52003714803
547,0.520622107797
548,0.522355419836
549,0.522902403382
550,0.52217189454
551,0.525488903487
552,0.525501312174
553,0.527264777529
554,0.529280746451
555,0.527492503159
556,0.529472160436
557,0.530045639191
558,0.530248777575
559,0.531718651158
560,0.532321618664
561,0.533684175938
562,0.536037002614
563,0.536663261209
564,0.536789960371
565,0.536942773107
566,0.536949859144
567,0.539592889232
568,0.54058354029
569,0.542287639954
570,0.542378152461
571,0.540945656344
572,0.542436083886
573,0.544928827707
574,0.546069896626
575,0.546191095474
576,0.546663916277
577,0.54741123545
578,0.54942782279
579,0.550283122754
580,0.551709243424
581,0.551449278887
582,0.552522178799
583,0.553833903723
584,0.554116744818
585,0.555767452703
586,0.555588236951
587,0.557561321348
588,0.554651865752
589,0.558112857835
590,0.560191534795
591,0.558662611321
592,0.561635965877
593,0.563989990021
594,0.563803188193
595,0.563614162556
596,0.564474140442
597,0.564267975474
598,0.567130849079
599,0.568220361966
600,0.567139856257
601,0.570446884213
602,0.570842291971
603,0.570995071845
604,0.572381880692
605,0.573515468828
606,0.573254287087
607,0.573994224147
608,0.575058248529
609,0.576271190543
610,0.579811523524
611,0.579469823239
612,0.579258644816
613,0.581345618445
614,0.581420287837
615,0.580731051451
616,0.580703858874
617,0.58364090842
618,0.58405000791
619,0.585543126391
620,0.586431612782
621,0.587259963666
622,0.5867218557
623,0.587996690061
624,0.59051763969
625,0.590693375035
626,0.589093894178
627,0.592011258296
628,0.593710785181
629,0.594507818189
630,0.594957584833
631,0.596504680513
632,0.597512563086
633,0.597298219853
634,0.596091324238
635,0.599930966428
636,0.600328617755
637,0.601765778559
638,0.601625631186
639,0.603749679575
640,0.606825731741
641,0.606042660282
642,0.607554141823
643,0.6073245345
644,0.607104954204
645,0.607525699176
646,0.60993872066
647,0.610868308465
648,0.611848741683
649,0.613248808034
650,0.615001417456
651,0.613790771486
652,0.61422280674
653,0.614679494859
654,0.615214030188
655,0.618183154254
656,0.619356297655
657,0.619433809324
658,0.620906926549
659,0.622019125145
660,0.622955312093
661,0.622837192436
662,0.62236435847
663,0.623793676736
664,0.624628475406
665,0.627268801444
666,0.625210882323
667,0.629964986325
668,0.629338793643
669,0.630334635775
670,0.631867013552
671,0.630896061128
672,0.633726110204
673,0.634067113049
674,0.634722452399
675,0.635618774888
676,0.636465778273
677,0.637880569269
678,0.63852971747
679,0.638757331204
680,0.641906605332
681,0.642236442956
682,0.641886755409
683,0.643849372029
684,0.64183939039
685,0.645431029314
686,0.64622147634
687,0.646148458361
688,0.645907949014
689,0.647601797897
690,0.648766296005
691,0.6473883891
692,0.649411930807
693,0.652164323494
694,0.653238677444
695,0.651661987638
696,0.652337769175
697,0.65298235782
698,0.655412518633
699,0.656445093518
700,0.65756200949
701,0.658844739099
702,0.658889485462
703,0.659188222324
704,0.662857596703
705,0.661900586024
706,0.664522621321
707,0.66300842904
708,0.663538852346
709,0.665005804598
710,0.667149176673
711,0.667710773072
712,0.667848196677
713,0.667818411754
714,0.66939284487
715,0.67068398944
716,0.671425439896
717,0.671700629117
718,0.672462133386
719,0.67459991308
720,0.674305064555
721,0.673933711066
722,0.676641383676
723,0.677590525351
724,0.677674517754
725,0.680845398609
726,0.680125962863
727,0.679481847891
728,0.683817542622
729,0.682131667956
730,0.68364547865
731,0.683808469624
732,0.683526569395
733,0.686087534945
734,0.686635031614
735,0.68718804188
736,0.687007891852
737,0.689168015015
738,0.689489575761
739,0.691844836834
740,0.691536730945
741,0.692756581387
742,0.693772576231
743,0.694604854975
744,0.695818198411
745,0.696562813487
746,0.698128890753
747,0.698209350055
748,0.699168406933
749,0.700163801739
750,0.701085875859
751,0.703065644994
752,0.704299989837
753,0.703425885927
754,0.705236295181
755,0.706058264048
756,0.705917419211
757,0.706739631473
758,0.709642718264
759,0.709624434189
760,0.709145830138
761,0.71011907876
762,0.712131751315
763,0.713164793335
764,0.712520921808
765,0.712869221179
766,0.715014547242
767,0.714865997969
768,0.719872546214
769,0.719983520687
770,0.722205884779
771,0.721232261169
772,0.721741511968
773,0.723708846048
774,0.724660560365
775,0.723077087159
776,0.725610234966
777,0.723771271213
778,0.72764888304
779,0.727837500751
780,0.729192656224
781,0.728927421522
782,0.729675707899
783,0.730174517241
784,0.732868610007
785,0.73381901492
786,0.733243641291
787,0.734371011954
788,0.736234806323
789,0.73652338461
790,0.737908278875
791,0.739259407761
792,0.738218753365
793,0.739894258965
794,0.73979015993
795,0.73975720383
796,0.739971033741
797,0.742957487898
798,0.742261810318
799,0.744428769439
800,0.746544916103
801,0.745238250635
802,0.74763269856
803,0.749247561951
804,0.750266596525
805,0.749882623739
806,0.749463602584
807,0.751113961758
808,0.751667669434
809,0.753349899135
810,0.753617199761
811,0.756392778121
812,0.755204311295
813,0.757863349115
814,0.756957032571
815,0.755750893572
816,0.759700174584
817,0.757894844576
818,0.759381890377
819,0.760940401353
820,0.760828071553
821,0.763852778236
822,0.762710748758
823,0.764981431865
824,0.76595348958
825,0.765270325994
826,0.76418814252
827,0.765765417921
828,0.767382057779
829,0.769700408505
830,0.770860787901
831,0.770764649967
832,0.772049550843
833,0.773924470861
834,0.774539044423
835,0.774226977756
836,0.775832682696
837,0.777091108004
838,0.778399641934
839,0.777437755963
840,0.777939762905
841,0.778378936657
842,0.779498872594
843,0.780152665877
844,0.783099867401
845,0.782794702464
846,0.781412407056
847,0.783263069004
848,0.783691788099
849,0.785827488659
850,0.786073044335
851,0.785385123867
852,0.787182249304
853,0.787729278989
854,0.788034654405
855,0.787452194809
856,0.789206692477
857,0.789639300025
858,0.789913002332
859,0.792048018606
860,0.793152670652
861,0.79404832198
862,0.794068375946
863,0.792244643465
864,0.795413747864
865,0.796956192042
866,0.797741717682
867,0.797492517019
868,0.798746856545
869,0.798181746822
870,0.799672187497
871,0.799376180996
872,0.80334296323
873,0.801350620952
874,0.802643331444
875,0.804263616282
876,0.804689828686
877,0.804855839661
878,0.80405490506
879,0.805445523445
880,0.80740092909
881,0.809409548802
882,0.807865012416
883,0.80870127829
884,0.809785896089
885,0.809532997763
886,0.81099954878
887,0.811820800431
888,0.812296437175
889,0.812661842972
890,0.814607794098
891,0.813751744004
892,0.816700636458
893,0.815881825712
894,0.816524085357
895,0.817574635092
896,0.820026376189
897,0.819916507162
898,0.821375787857
899,0.820259635108
900,0.823043687698
901,0.820446160578
902,0.82132941637
903,0.82261857401
904,0.823239167749
905,0.822560155702
906,0.824220193157
907,0.824361505149
908,0.825338431664
909,0.827971586105
910,0.827335984786
911,0.828507430722
912,0.827209647507
913,0.829184653198
914,0.828705450403
915,0.830895595372
916,0.831059283774
917,0.82929045625
918,0.830701398234
919,0.832265146469
920,0.833178213443
921,0.833298931964
922,0.832002010628
923,0.831160066736
924,0.834990037238
925,0.835588747924
926,0.835938678936
927,0.835401742109
928,0.837702065361
929,0.838128534357
930,0.838641423586
931,0.838205046034
932,0.839444338557
933,0.839338811841
934,0.841175420222
935,0.838153411002
936,0.84126616299
937,0.841181032433
938,0.840362695302
939,0.842152517692
940,0.842422206569
941,0.841115488619
942,0.842508942596
943,0.844185711428
944,0.844726924884
945,0.844336701709
946,0.847053828787
947,0.845392120163
948,0.845684843513
949,0.846288640049
950,0.846015819385
951,0.845684172402
952,0.84856736972
953,0.849255125719
954,0.848036117453
955,0.848762764298
956,0.848736275611
957,0.849149427982
958,0.849657955029
959,0.850119972436
960,0.851994925429
961,0.853234119272
962,0.851399307114
963,0.853442909373
964,0.853261101313
965,0.85292853992
966,0.853424013404
967,0.853969713937
968,0.853620986966
969,0.853765838697
970,0.855475958358
971,0.854016269688
972,0.856358747013
973,0.854452890674
974,0.856401716993
975,0.856739818348
976,0.856890032188
977,0.857208619073
978,0.857596026274
979,0.85778827583
980,0.857535245898
981,0.857165543831
982,0.858906718204
983,0.859856912696
984,0.85970536978
985,0.858553267273
986,0.860683724001
987,0.860427989881
988,0.859507093439
989,0.859791408362
990,0.859582072132
991,0.860901001469
992,0.863562526224
993,0.862755229448
994,0.862123161325
995,0.863598686569
996,0.861983981053
997,0.863739406392
998,0.863685929126
999,0.861821101872
1000,0.864712977382
1001,0.865385640295
1002,0.864753157708
1003,0.863511437363
1004,0.865347479881
1005,0.865037485667
1006,0.865994996419
1007,0.86483196554
1008,0.866036775494
1009,0.867083496004
1010,0.868115663056
1011,0.867027696309
1012,0.86593002501
1013,0.866482693156
1014,0.865816787213
1015,0.867154823114
1016,0.867319070854
1017,0.867295088987
1018,0.868882911133
1019,0.868934394787
1020,0.868969186593
1021,0.86921076832
1022,0.869341757273
1023,0.867621794794
